{
    "PULP_CBC_CMD": {
        "time": 0,
        "optimal": true,
        "obj": 14.0,
        "sol": [
            [
                4,
                3,
                1
            ],
            [
                2,
                5,
                6
            ]
        ]
    },
    "SCIP_PY": {
        "time": 1,
        "optimal": true,
        "obj": 14.0,
        "sol": [
            [
                4,
                3,
                1
            ],
            [
                2,
                5,
                6
            ]
        ]
    },
    "GUROBI": {
        "time": 0,
        "optimal": true,
        "obj": 14.0,
        "sol": [
            [
                1,
                3,
                4
            ],
            [
                2,
                5,
                6
            ]
        ]
    }
}