{
    "SCIP_PY": {
        "time": 300,
        "optimal": false,
        "obj": 244.0,
        "sol": [
            [
                10,
                13
            ],
            [
                9
            ],
            [
                8
            ],
            [
                4
            ],
            [
                11
            ],
            [
                2,
                12
            ],
            [
                5
            ],
            [
                7,
                3
            ],
            [
                1
            ],
            [
                6
            ]
        ]
    },
    "GUROBI": {
        "time": 70,
        "optimal": true,
        "obj": 244.0,
        "sol": [
            [
                4,
                13
            ],
            [
                8
            ],
            [
                3
            ],
            [
                12
            ],
            [
                2,
                9,
                6
            ],
            [
                10
            ],
            [
                1
            ],
            [
                5
            ],
            [
                11
            ],
            [
                7
            ]
        ]
    },
    "PULP_CBC_CMD": {
        "time": 300,
        "optimal": false,
        "obj": 244.0,
        "sol": [
            [
                9,
                6
            ],
            [
                1
            ],
            [
                13
            ],
            [
                8
            ],
            [
                4,
                3
            ],
            [
                11
            ],
            [
                12
            ],
            [
                5
            ],
            [
                2,
                7
            ],
            [
                10
            ]
        ]
    }
}