{
    "GUROBI": {
        "time": 300,
        "optimal": false,
        "obj": 1084.0,
        "sol": [
            [
                22,
                65,
                20,
                2,
                39
            ],
            [
                25
            ],
            [
                86,
                78,
                45,
                44,
                87,
                35,
                70,
                75,
                48,
                42,
                43
            ],
            [
                73
            ],
            [
                6
            ],
            [
                69,
                85,
                89,
                7,
                62,
                79,
                36,
                57
            ],
            [
                13,
                84,
                53,
                91,
                61,
                12,
                74,
                92,
                30,
                50
            ],
            [
                93,
                81
            ],
            [
                77,
                64,
                33,
                1,
                90,
                66,
                11,
                5
            ],
            [
                49,
                29,
                38,
                82,
                27,
                67,
                18,
                10,
                52,
                55,
                4,
                59,
                72
            ],
            [
                32
            ],
            [
                3,
                8,
                95
            ],
            [
                76
            ],
            [
                68,
                94
            ],
            [
                17,
                60,
                88
            ],
            [
                21,
                51,
                9,
                54,
                14,
                58,
                16
            ],
            [
                71,
                31,
                40,
                28,
                47,
                83,
                63,
                80,
                46,
                41
            ],
            [
                56,
                34
            ],
            [
                15,
                24,
                26
            ],
            [
                19,
                37,
                23
            ]
        ]
    },
    "SCIP_PY": {
        "time": 300,
        "optimal": false,
        "obj": 0.0,
        "sol": "N/A"
    },
    "PULP_CBC_CMD": {
        "time": 300,
        "optimal": false,
        "obj": 0.0,
        "sol": "N/A"
    }
}