{
    "GUROBI": {
        "time": 300,
        "optimal": false,
        "obj": 520.0,
        "sol": [
            [
                31,
                41,
                36,
                2,
                30,
                24,
                21,
                47,
                42,
                46,
                9,
                35,
                34,
                22,
                10,
                45,
                11,
                37,
                7
            ],
            [
                44,
                32,
                27,
                3,
                6,
                39,
                12,
                38,
                40,
                25,
                15,
                23,
                26,
                18,
                17
            ],
            [
                14,
                1,
                4,
                19,
                33,
                13,
                8,
                5,
                29,
                20,
                16,
                28,
                43
            ]
        ]
    },
    "SCIP_PY": {
        "time": 300,
        "optimal": false,
        "obj": 0,
        "sol": "N/A"
    },
    "PULP_CBC_CMD": {
        "time": 300,
        "optimal": false,
        "obj": 0,
        "sol": "N/A"
    }
}