{
    "GUROBI": {
        "time": 300,
        "optimal": false,
        "obj": 286.0,
        "sol": [
            [
                42,
                30,
                25
            ],
            [
                10
            ],
            [
                9,
                17
            ],
            [
                46
            ],
            [
                44
            ],
            [
                39,
                21,
                38
            ],
            [
                7,
                29,
                4
            ],
            [
                31,
                14,
                18
            ],
            [
                45
            ],
            [
                32,
                33,
                8,
                26
            ],
            [
                16,
                13
            ],
            [
                43,
                6
            ],
            [
                35,
                1,
                20
            ],
            [
                28,
                5,
                37
            ],
            [
                34,
                47,
                12
            ],
            [
                22,
                19,
                11
            ],
            [
                2,
                23,
                27
            ],
            [
                41,
                40,
                24
            ],
            [
                3
            ],
            [
                36,
                15
            ]
        ]
    },
    "SCIP_PY": {
        "time": 300,
        "optimal": false,
        "obj": 0,
        "sol": "N/A"
    },
    "PULP_CBC_CMD": {
        "time": 300,
        "optimal": false,
        "obj": 0,
        "sol": "N/A"
    }
}