{
    "GUROBI": {
        "time": 300,
        "optimal": false,
        "obj": 490.0,
        "sol": [
            [
                57,
                24,
                13,
                31,
                25
            ],
            [
                17,
                27,
                10,
                42
            ],
            [
                33,
                6,
                71,
                39,
                2,
                38,
                56
            ],
            [
                54
            ],
            [
                68,
                63,
                50
            ],
            [
                51,
                59
            ],
            [
                22
            ],
            [
                3,
                46
            ],
            [
                52,
                69
            ],
            [
                43,
                9,
                66,
                20
            ],
            [
                4,
                34,
                8,
                44,
                23,
                21
            ],
            [
                58
            ],
            [
                28,
                32,
                49,
                36
            ],
            [
                65,
                5,
                15
            ],
            [
                16,
                26,
                7,
                35
            ],
            [
                53
            ],
            [
                12,
                60,
                37,
                47,
                61
            ],
            [
                40,
                41,
                1,
                64,
                70,
                62,
                67,
                55
            ],
            [
                48,
                14,
                29,
                19,
                18,
                11
            ],
            [
                30,
                45
            ]
        ]
    },
    "SCIP_PY": {
        "time": 300,
        "optimal": false,
        "obj": 0.0,
        "sol": "N/A"
    },
    "PULP_CBC_CMD": {
        "time": 300,
        "optimal": false,
        "obj": 0.0,
        "sol": "N/A"
    }
}