{
    "SCIP_PY": {
        "time": 4,
        "optimal": true,
        "obj": 226.0,
        "sol": [
            [
                4
            ],
            [
                7,
                2
            ],
            [
                8,
                6
            ],
            [
                3,
                9
            ],
            [
                1
            ],
            [
                5
            ]
        ]
    },
    "PULP_CBC_CMD": {
        "time": 93,
        "optimal": true,
        "obj": 226.0,
        "sol": [
            [
                4,
                1
            ],
            [
                5
            ],
            [
                8
            ],
            [
                3,
                2
            ],
            [
                7,
                9
            ],
            [
                6
            ]
        ]
    },
    "GUROBI": {
        "time": 0,
        "optimal": true,
        "obj": 226.0,
        "sol": [
            [
                9
            ],
            [
                4
            ],
            [
                8,
                6
            ],
            [
                7,
                2
            ],
            [
                5,
                3
            ],
            [
                1
            ]
        ]
    }
}