{
    "SCIP_PY": {
        "time": 0,
        "optimal": true,
        "obj": 12.0,
        "sol": [
            [
                3,
                6,
                5
            ],
            [
                4,
                2
            ],
            [
                1,
                7
            ]
        ]
    },
    "PULP_CBC_CMD": {
        "time": 0,
        "optimal": true,
        "obj": 12.0,
        "sol": [
            [
                5,
                4,
                2
            ],
            [
                3,
                6
            ],
            [
                1,
                7
            ]
        ]
    },
    "GUROBI": {
        "time": 0,
        "optimal": true,
        "obj": 12.0,
        "sol": [
            [
                5,
                4,
                2
            ],
            [
                3,
                7
            ],
            [
                6,
                1
            ]
        ]
    }
}