{
    "SCIP_PY": {
        "time": 76,
        "optimal": true,
        "obj": 220.0,
        "sol": [
            [
                1
            ],
            [
                4
            ],
            [
                5
            ],
            [
                8
            ],
            [
                6
            ],
            [
                7
            ],
            [
                9
            ],
            [
                10,
                2,
                3
            ]
        ]
    },
    "PULP_CBC_CMD": {
        "time": 300,
        "optimal": false,
        "obj": 220.0,
        "sol": [
            [
                5
            ],
            [
                3
            ],
            [
                6
            ],
            [
                7,
                4
            ],
            [
                1,
                2
            ],
            [
                10
            ],
            [
                9
            ],
            [
                8
            ]
        ]
    },
    "GUROBI": {
        "time": 1,
        "optimal": true,
        "obj": 220.0,
        "sol": [
            [
                7,
                9
            ],
            [
                1
            ],
            [
                6
            ],
            [
                3
            ],
            [
                4
            ],
            [
                5
            ],
            [
                8
            ],
            [
                10,
                2
            ]
        ]
    }
}