{
    "SCIP_PY": {
        "time": 0,
        "optimal": true,
        "obj": 206.0,
        "sol": [
            [
                2
            ],
            [
                1,
                3
            ]
        ]
    },
    "PULP_CBC_CMD": {
        "time": 0,
        "optimal": true,
        "obj": 206.0,
        "sol": [
            [
                2
            ],
            [
                1,
                3
            ]
        ]
    },
    "GUROBI": {
        "time": 0,
        "optimal": true,
        "obj": 206.0,
        "sol": [
            [
                2
            ],
            [
                1,
                3
            ]
        ]
    }
}