{
    "SCIP_PY": {
        "time": 11,
        "optimal": true,
        "obj": 322.0,
        "sol": [
            [
                3,
                1
            ],
            [
                4
            ],
            [
                6,
                2
            ],
            [
                5
            ],
            [
                7
            ],
            [
                8
            ]
        ]
    },
    "PULP_CBC_CMD": {
        "time": 97,
        "optimal": true,
        "obj": 322.0,
        "sol": [
            [
                4
            ],
            [
                3
            ],
            [
                5,
                7
            ],
            [
                6
            ],
            [
                2
            ],
            [
                8,
                1
            ]
        ]
    },
    "GUROBI": {
        "time": 0,
        "optimal": true,
        "obj": 322.0,
        "sol": [
            [
                2,
                5,
                4
            ],
            [
                7
            ],
            [
                6
            ],
            [
                3
            ],
            [
                1
            ],
            [
                8
            ]
        ]
    }
}