{
    "SCIP_PY": {
        "time": 300,
        "optimal": false,
        "obj": 167.0,
        "sol": [
            [
                9,
                10
            ],
            [
                1,
                4
            ],
            [
                12,
                5
            ],
            [
                11,
                14,
                13,
                7
            ],
            [
                2
            ],
            [
                3,
                8,
                17,
                16,
                6,
                15
            ]
        ]
    },
    "PULP_CBC_CMD": {
        "time": 300,
        "optimal": false,
        "obj": 168.0,
        "sol": [
            [
                11,
                14
            ],
            [
                7,
                3,
                16,
                6
            ],
            [
                8,
                17,
                2,
                13
            ],
            [
                12,
                1,
                4
            ],
            [
                9,
                15,
                10
            ],
            [
                5
            ]
        ]
    },
    "GUROBI": {
        "time": 5,
        "optimal": true,
        "obj": 167.0,
        "sol": [
            [
                1,
                8,
                16,
                15
            ],
            [
                12,
                5,
                9
            ],
            [
                11,
                14,
                3,
                6
            ],
            [
                10,
                7
            ],
            [
                17,
                2
            ],
            [
                13,
                4
            ]
        ]
    }
}