{
    "SCIP_PY": {
        "time": 8,
        "optimal": true,
        "obj": 186.0,
        "sol": [
            [
                7,
                9
            ],
            [
                8
            ],
            [
                6
            ],
            [
                2
            ],
            [
                4
            ],
            [
                3,
                10
            ],
            [
                5
            ],
            [
                1
            ]
        ]
    },
    "GUROBI": {
        "time": 0,
        "optimal": true,
        "obj": 186.0,
        "sol": [
            [
                7,
                9
            ],
            [
                1
            ],
            [
                6
            ],
            [
                3
            ],
            [
                4
            ],
            [
                5
            ],
            [
                8
            ],
            [
                10,
                2
            ]
        ]
    },
    "PULP_CBC_CMD": {
        "time": 16,
        "optimal": true,
        "obj": 186.0,
        "sol": [
            [
                4
            ],
            [
                8
            ],
            [
                10,
                6
            ],
            [
                5
            ],
            [
                7
            ],
            [
                9
            ],
            [
                3
            ],
            [
                1,
                2
            ]
        ]
    }
}