{
    "SCIP_PY": {
        "time": 300,
        "optimal": false,
        "obj": 436.0,
        "sol": [
            [
                10
            ],
            [
                1
            ],
            [
                8
            ],
            [
                4
            ],
            [
                3,
                6
            ],
            [
                13
            ],
            [
                12,
                11
            ],
            [
                5
            ],
            [
                9,
                7
            ],
            [
                2
            ]
        ]
    },
    "GUROBI": {
        "time": 2,
        "optimal": true,
        "obj": 436.0,
        "sol": [
            [
                10
            ],
            [
                9
            ],
            [
                8
            ],
            [
                7
            ],
            [
                6
            ],
            [
                5
            ],
            [
                4
            ],
            [
                3
            ],
            [
                2
            ],
            [
                12,
                11,
                13,
                1
            ]
        ]
    },
    "PULP_CBC_CMD": {
        "time": 300,
        "optimal": false,
        "obj": 436.0,
        "sol": [
            [
                3
            ],
            [
                4
            ],
            [
                9
            ],
            [
                11
            ],
            [
                2
            ],
            [
                8
            ],
            [
                12,
                5,
                7
            ],
            [
                6
            ],
            [
                13,
                1
            ],
            [
                10
            ]
        ]
    }
}