{
   "gecode_domwdeg_indrandom": {
      "time": 0,
      "optimal": true,
      "obj": 14,
      "sol": [
         [
            4,
            3,
            1
         ],
         [
            2,
            5,
            6
         ]
      ]
   },
   "gecode_firstfail_indmin_sb": {
      "time": 0,
      "optimal": true,
      "obj": 14,
      "sol": [
         [
            1,
            3,
            4
         ],
         [
            2,
            5,
            6
         ]
      ]
   },
   "gecode_domwdeg_indrandom_sb": {
      "time": 0,
      "optimal": true,
      "obj": 14,
      "sol": [
         [
            1,
            3,
            4
         ],
         [
            2,
            5,
            6
         ]
      ]
   },
   "chuffed_firstfail_indmin_sb": {
      "time": 0,
      "optimal": true,
      "obj": 14,
      "sol": [
         [
            1,
            3,
            4
         ],
         [
            2,
            5,
            6
         ]
      ]
   }
}