{
  "gecode_domwdeg_indrandom": {
    "time": 299,
    "optimal": false,
    "obj": 244,
    "sol": [[7, 4], [12, 2], [10, 13], [11], [3], [9], [8], [5], [6], [1]]
  },
  "gecode_firstfail_indmin_sb": {
    "time": 299,
    "optimal": false,
    "obj": null,
    "sol": []
  },
  "gecode_domwdeg_indrandom_sb": {
    "time": 66,
    "optimal": true,
    "obj": 244,
    "sol": [[1, 3], [5, 4], [6, 2], [7], [8], [9], [10], [11], [12], [13]]
  },
  "chuffed_firstfail_indmin_sb": {
    "time": 2,
    "optimal": true,
    "obj": 244,
    "sol": [[1, 13, 11], [2, 12], [3], [4], [5], [6], [7], [8], [9], [10]]
  }
}
