{
  "gecode_domwdeg_indrandom": {
    "time": 0,
    "optimal": false,
    "obj": null,
    "sol": []
  },
  "gecode_firstfail_indmin_sb": {
    "time": 0,
    "optimal": false,
    "obj": 1647,
    "sol": [
      [1, 2, 3, 4, 5, 6, 7, 8, 9, 10, 11, 12, 13, 14, 15, 23],
      [16, 36, 37, 38, 39, 40, 41, 42, 43, 44, 45, 46, 47, 48, 53, 55],
      [17, 49, 50, 51, 52, 54, 56, 57, 58, 59, 60, 61, 66, 67, 82],
      [
        18, 62, 63, 64, 65, 68, 69, 70, 71, 72, 73, 74, 75, 76, 77, 78, 79, 81,
        83
      ],
      [19, 80, 84, 85, 86, 87, 88, 89, 90, 91, 92, 93, 94],
      [20, 95],
      [21],
      [22],
      [24],
      [25],
      [26],
      [27],
      [28],
      [29],
      [30],
      [31],
      [32],
      [33],
      [34],
      [35]
    ]
  },
  "gecode_domwdeg_indrandom_sb": {
    "time": 0,
    "optimal": false,
    "obj": 1220,
    "sol": [
      [
        2, 28, 57, 33, 42, 72, 70, 48, 37, 18, 35, 69, 23, 17, 86, 59, 40, 12, 3
      ],
      [46, 22, 36, 49, 29, 51, 75, 67, 39, 77, 25, 93, 14, 15],
      [58, 43, 45, 32, 38, 11, 50, 65, 1, 30, 92, 83, 27, 26, 54],
      [60, 52, 9, 68, 24, 47],
      [61, 41, 5, 91, 13, 71, 56, 7, 81, 34, 84, 55, 20],
      [62, 53, 16, 10, 44],
      [63, 80, 21],
      [64],
      [66],
      [73, 4],
      [76, 74],
      [78, 6, 19],
      [79],
      [82],
      [85],
      [87],
      [88],
      [89],
      [94],
      [95, 31, 8, 90]
    ]
  },
  "chuffed_firstfail_indmin_sb": {
    "time": 0,
    "optimal": false,
    "obj": 875,
    "sol": [
      [1, 22, 23, 24, 25, 26, 27, 28, 29, 30, 31, 32, 36, 56, 21],
      [2, 33, 34, 35, 37, 38, 39, 40, 41, 52],
      [3, 42, 43, 44, 45, 46, 47, 48, 49, 51, 65, 87],
      [4, 50, 53, 54, 55, 57, 58, 59, 60, 61, 62, 63, 69, 72, 88],
      [5, 64, 66, 67, 68, 70, 71, 73, 74, 77, 78],
      [6, 75, 76, 79, 80, 81, 82, 83, 85, 94],
      [7, 84, 86, 89, 90, 91, 92, 93, 95],
      [8],
      [9],
      [10],
      [11],
      [12],
      [13],
      [14],
      [15],
      [16],
      [17],
      [18],
      [19],
      [20]
    ]
  }
}
