{
   "gecode_domwdeg_indrandom": {
      "time": 299,
      "optimal": false,
      "obj": null,
      "sol": []
   },
   "gecode_firstfail_indmin_sb": {
      "time": 299,
      "optimal": false,
      "obj": 1932,
      "sol": [
         [
            1,
            2,
            3,
            4,
            5,
            6,
            7,
            8,
            9,
            10,
            11,
            12,
            13,
            14,
            15,
            16,
            17,
            18,
            19,
            20,
            22,
            41
         ],
         [
            21,
            24,
            25,
            26,
            27,
            28,
            29,
            30,
            31,
            32,
            33,
            34,
            36
         ],
         [
            23,
            35,
            37,
            38,
            39,
            40,
            42,
            43,
            44,
            45,
            46,
            47
         ]
      ]
   },
   "gecode_domwdeg_indrandom_sb": {
      "time": 299,
      "optimal": false,
      "obj": null,
      "sol": []
   },
   "chuffed_firstfail_indmin": {
      "time": 299,
      "optimal": false,
      "obj": 1932,
      "sol": [
         [
            1,
            2,
            3,
            4,
            5,
            6,
            7,
            8,
            9,
            10,
            11,
            12,
            13,
            14,
            15,
            16,
            17,
            18,
            19,
            20,
            22,
            41
         ],
         [
            21,
            23,
            24,
            25,
            26,
            27,
            28,
            29,
            30,
            31,
            32,
            33,
            35,
            44
         ],
         [
            34,
            36,
            37,
            38,
            39,
            40,
            43,
            42,
            45,
            46,
            47
         ]
      ]
   },
   "chuffed_firstfail_indmin_sb": {
      "time": 299,
      "optimal": false,
      "obj": 1932,
      "sol": [
         [
            1,
            2,
            3,
            4,
            5,
            6,
            7,
            8,
            9,
            10,
            11,
            12,
            13,
            14,
            15,
            16,
            17,
            18,
            19,
            20,
            22,
            41
         ],
         [
            21,
            24,
            25,
            26,
            27,
            28,
            29,
            30,
            31,
            32,
            33,
            34,
            36
         ],
         [
            23,
            35,
            37,
            38,
            39,
            40,
            43,
            42,
            44,
            45,
            46,
            47
         ]
      ]
   }
}