{
   "gecode_domwdeg_indrandom": {
      "time": 0,
      "optimal": false,
      "obj": null,
      "sol": []
   },
   "gecode_firstfail_indmin_sb": {
      "time": 0,
      "optimal": false,
      "obj": null,
      "sol": []
   },
   "gecode_domwdeg_indrandom_sb": {
      "time": 0,
      "optimal": false,
      "obj": 1672,
      "sol": [
         [
            31,
            167,
            164,
            172,
            34,
            52,
            124,
            9,
            185,
            176,
            30,
            77,
            189,
            66,
            11,
            75,
            173
         ],
         [
            103,
            23,
            84,
            55,
            152,
            116,
            6,
            198,
            12,
            51,
            5,
            28,
            79
         ],
         [
            130,
            96,
            108,
            59,
            85,
            129,
            98,
            35,
            104,
            68
         ],
         [
            135,
            160,
            163,
            58,
            15,
            16,
            42,
            99,
            64,
            166,
            45,
            62,
            10
         ],
         [
            138,
            168,
            171,
            50,
            22,
            184,
            63,
            87,
            48,
            81,
            1,
            161,
            26,
            136,
            123,
            61
         ],
         [
            141
         ],
         [
            149,
            197,
            91,
            120,
            132,
            109,
            179,
            18,
            24,
            201,
            144,
            202,
            190,
            36,
            88
         ],
         [
            165,
            93,
            110,
            143,
            86,
            2,
            140,
            60,
            153,
            180,
            191,
            67
         ],
         [
            181,
            119,
            112,
            90,
            83,
            76,
            145,
            121,
            192,
            127,
            195,
            148
         ],
         [
            188,
            40,
            114,
            39,
            186,
            158,
            65,
            14,
            113,
            41,
            187,
            71,
            27,
            44,
            46,
            183,
            213,
            37
         ],
         [
            203,
            117,
            73,
            178,
            193,
            174,
            196,
            200,
            150,
            57,
            4,
            209,
            102,
            82,
            38,
            139,
            29
         ],
         [
            204,
            111,
            137,
            175,
            162,
            151,
            131,
            159,
            80,
            56,
            147,
            70,
            97
         ],
         [
            205,
            142,
            105,
            125,
            92,
            53,
            122,
            17,
            106,
            133,
            69,
            101,
            154,
            170,
            107
         ],
         [
            206,
            100,
            182,
            208,
            134,
            7,
            21,
            32,
            169,
            118,
            33,
            13,
            20,
            19
         ],
         [
            207,
            8,
            146,
            54,
            115,
            74,
            3,
            94,
            126,
            156
         ],
         [
            210,
            43,
            199,
            128,
            47,
            177,
            194,
            157,
            72,
            89,
            49
         ],
         [
            211,
            155
         ],
         [
            212,
            25
         ],
         [
            214,
            78
         ],
         [
            215,
            95
         ]
      ]
   },
   "chuffed_firstfail_indmin_sb": {
      "time": 0,
      "optimal": false,
      "obj": null,
      "sol": []
   }
}