{
   "gecode_domwdeg_indrandom": {
      "time": 0,
      "optimal": false,
      "obj": null,
      "sol": []
   },
   "gecode_firstfail_indmin_sb": {
      "time": 0,
      "optimal": false,
      "obj": null,
      "sol": []
   },
   "gecode_domwdeg_indrandom_sb": {
      "time": 0,
      "optimal": false,
      "obj": 1535,
      "sol": [
         [
            16,
            85,
            209,
            225,
            74,
            13,
            84,
            192,
            124,
            180,
            6,
            70,
            82,
            234,
            86
         ],
         [
            114,
            174,
            56,
            154,
            193,
            43,
            151,
            214,
            146,
            101,
            228,
            216,
            121,
            7,
            54,
            127
         ],
         [
            145,
            186,
            167,
            98,
            141,
            61,
            232,
            34,
            172,
            92,
            55,
            111,
            97
         ],
         [
            160,
            219,
            133,
            99,
            117,
            104,
            15,
            23,
            4,
            205,
            94,
            197
         ],
         [
            164,
            213,
            217,
            163,
            19,
            9,
            202,
            31,
            83,
            102,
            51,
            45
         ],
         [
            169,
            139,
            5,
            66,
            198,
            71,
            159,
            30,
            126,
            78,
            39,
            75,
            76
         ],
         [
            170,
            64,
            81,
            116,
            24,
            179,
            21,
            35,
            166,
            79,
            178
         ],
         [
            188,
            1,
            47,
            67,
            155,
            208,
            89,
            77,
            42,
            182,
            58,
            73
         ],
         [
            196,
            112,
            210,
            8,
            206,
            38,
            57,
            119,
            238,
            227,
            123
         ],
         [
            215,
            187,
            103,
            194,
            131,
            41,
            136,
            120,
            173,
            52,
            113
         ],
         [
            220,
            106,
            90,
            149,
            53,
            18,
            95,
            148,
            44,
            185,
            150,
            68,
            147,
            26,
            195
         ],
         [
            221,
            191,
            50,
            153,
            218,
            230,
            201,
            25,
            140,
            14,
            33,
            161,
            100
         ],
         [
            222,
            11,
            20,
            63,
            93,
            48,
            80,
            88,
            27,
            118,
            59
         ],
         [
            223,
            65,
            22,
            158,
            29,
            211,
            199,
            12
         ],
         [
            224,
            49,
            143,
            231,
            135,
            181,
            144,
            28,
            122,
            105,
            96,
            125,
            229,
            138
         ],
         [
            226,
            200,
            69,
            46,
            10,
            162,
            171,
            37,
            108,
            142,
            32,
            36,
            137,
            190
         ],
         [
            233,
            62,
            157,
            110,
            109,
            152,
            184,
            156,
            183,
            115,
            17
         ],
         [
            235,
            2,
            212,
            177,
            91,
            72,
            176,
            204,
            203,
            175,
            207
         ],
         [
            237,
            189,
            165,
            130,
            132,
            60,
            134,
            236,
            168,
            107
         ],
         [
            239,
            87,
            128,
            40,
            129,
            3
         ]
      ]
   },
   "chuffed_firstfail_indmin_sb": {
      "time": 0,
      "optimal": false,
      "obj": null,
      "sol": []
   }
}