{
   "gecode_domwdeg_indrandom": {
      "time": 298,
      "optimal": false,
      "obj": null,
      "sol": []
   },
   "gecode_firstfail_indmin_sb": {
      "time": 298,
      "optimal": false,
      "obj": 286,
      "sol": [
         [
            1,
            2,
            3,
            6,
            7
         ],
         [
            4,
            33,
            36,
            37
         ],
         [
            5,
            29,
            30,
            35
         ],
         [
            8,
            26,
            28,
            32,
            44
         ],
         [
            9,
            34,
            38,
            39,
            41
         ],
         [
            10,
            40,
            43
         ],
         [
            11,
            42,
            45
         ],
         [
            12,
            46
         ],
         [
            13,
            16,
            31
         ],
         [
            14,
            47
         ],
         [
            15
         ],
         [
            17
         ],
         [
            18
         ],
         [
            19,
            27
         ],
         [
            20
         ],
         [
            21
         ],
         [
            22
         ],
         [
            23
         ],
         [
            24
         ],
         [
            25
         ]
      ]
   },
   "gecode_domwdeg_indrandom_sb": {
      "time": 298,
      "optimal": false,
      "obj": 768,
      "sol": [
         [
            16,
            24,
            19,
            9,
            18,
            11,
            27
         ],
         [
            23,
            20,
            6,
            14,
            2
         ],
         [
            29,
            25,
            17,
            15,
            28,
            12,
            7,
            8
         ],
         [
            30,
            5
         ],
         [
            31,
            41
         ],
         [
            32
         ],
         [
            33,
            13
         ],
         [
            34,
            1
         ],
         [
            35,
            10
         ],
         [
            36,
            26
         ],
         [
            37
         ],
         [
            38,
            3
         ],
         [
            39,
            22
         ],
         [
            40
         ],
         [
            42,
            4
         ],
         [
            43,
            21
         ],
         [
            44
         ],
         [
            45
         ],
         [
            46
         ],
         [
            47
         ]
      ]
   },
   "chuffed_firstfail_indmin_sb": {
      "time": 0,
      "optimal": false,
      "obj": 286,
      "sol": [
         [
            1,
            2,
            3,
            6,
            7
         ],
         [
            4,
            24,
            25,
            31,
            32,
            44
         ],
         [
            5,
            28,
            30
         ],
         [
            8,
            29,
            33,
            36,
            41
         ],
         [
            9,
            27,
            34,
            37,
            39
         ],
         [
            10,
            35,
            38,
            40,
            43
         ],
         [
            11,
            42,
            45
         ],
         [
            12,
            46
         ],
         [
            13
         ],
         [
            14
         ],
         [
            15,
            47
         ],
         [
            16
         ],
         [
            17
         ],
         [
            18
         ],
         [
            19
         ],
         [
            20
         ],
         [
            21
         ],
         [
            22
         ],
         [
            23
         ],
         [
            26
         ]
      ]
   }
}