{
   "gecode_domwdeg_indrandom": {
      "time": 0,
      "optimal": false,
      "obj": null,
      "sol": []
   },
   "gecode_firstfail_indmin_sb": {
      "time": 0,
      "optimal": false,
      "obj": null,
      "sol": []
   },
   "gecode_domwdeg_indrandom_sb": {
      "time": 0,
      "optimal": false,
      "obj": 1602,
      "sol": [
         [
            81,
            172,
            41,
            23
         ],
         [
            91,
            50,
            24,
            164,
            138,
            58,
            148,
            146,
            153,
            30,
            47,
            111,
            156,
            27,
            68,
            59,
            100
         ],
         [
            115,
            144,
            5,
            177,
            56,
            113,
            66,
            84,
            143,
            139,
            96,
            74,
            70,
            45,
            34,
            170,
            55
         ],
         [
            119,
            99,
            90,
            129,
            169,
            157,
            44,
            2,
            60,
            64,
            131,
            61,
            165,
            17,
            136,
            112
         ],
         [
            122,
            39,
            109,
            80,
            57,
            142,
            69,
            163,
            168,
            102,
            89,
            53,
            49,
            29,
            15
         ],
         [
            125,
            124,
            158,
            180,
            97,
            101,
            134,
            37,
            4,
            93,
            128,
            63,
            123
         ],
         [
            132,
            117,
            120,
            7,
            162,
            107,
            135,
            79,
            31,
            130,
            1,
            46,
            166
         ],
         [
            147,
            150,
            83,
            155,
            104,
            154,
            94,
            33,
            137,
            62,
            42,
            72,
            176
         ],
         [
            161,
            121,
            14,
            76,
            118,
            35,
            179,
            38,
            95,
            54,
            71,
            82
         ],
         [
            167,
            85,
            40,
            65,
            145,
            10,
            114,
            98,
            18,
            48,
            19,
            26,
            171,
            21,
            43,
            6,
            28
         ],
         [
            181,
            103,
            92,
            174,
            116,
            77,
            140,
            67,
            106,
            151,
            105,
            88,
            32,
            178
         ],
         [
            182
         ],
         [
            183,
            3,
            20,
            52,
            108,
            36,
            13
         ],
         [
            184,
            25,
            133,
            141,
            11,
            75,
            22,
            173,
            160
         ],
         [
            185,
            127,
            86,
            78,
            110,
            149,
            87,
            159,
            16,
            126,
            189,
            8
         ],
         [
            186
         ],
         [
            187,
            73,
            9
         ],
         [
            188,
            51
         ],
         [
            190,
            152,
            12,
            175
         ],
         [
            191
         ]
      ]
   },
   "chuffed_firstfail_indmin_sb": {
      "time": 0,
      "optimal": false,
      "obj": null,
      "sol": []
   }
}