{
   "gecode_domwdeg_indrandom": {
      "time": 0,
      "optimal": false,
      "obj": null,
      "sol": []
   },
   "gecode_firstfail_indmin_sb": {
      "time": 0,
      "optimal": false,
      "obj": 869,
      "sol": [
         [
            1,
            2,
            3,
            4,
            5,
            6,
            9,
            14
         ],
         [
            7,
            28,
            29,
            30,
            31,
            32,
            33,
            34,
            35,
            36,
            37,
            40,
            48
         ],
         [
            8,
            38,
            39,
            41,
            42,
            43,
            44,
            45,
            46,
            49,
            51,
            52,
            55
         ],
         [
            10,
            47,
            50,
            53,
            54,
            56,
            57,
            58,
            59
         ],
         [
            11,
            60,
            61,
            62,
            63,
            64,
            65,
            66,
            67,
            69,
            70
         ],
         [
            12,
            68,
            71
         ],
         [
            13
         ],
         [
            15
         ],
         [
            16
         ],
         [
            17
         ],
         [
            18
         ],
         [
            19
         ],
         [
            20
         ],
         [
            21
         ],
         [
            22
         ],
         [
            23
         ],
         [
            24
         ],
         [
            25
         ],
         [
            26
         ],
         [
            27
         ]
      ]
   },
   "gecode_domwdeg_indrandom_sb": {
      "time": 0,
      "optimal": false,
      "obj": 976,
      "sol": [
         [
            11,
            59,
            39,
            29,
            43,
            58,
            19,
            28,
            17,
            14
         ],
         [
            35,
            31,
            30,
            2,
            3,
            45,
            23,
            21,
            7,
            9,
            37,
            34,
            53
         ],
         [
            44,
            24,
            8,
            40,
            55,
            15,
            4,
            61,
            5,
            60,
            18,
            33,
            27,
            20,
            36
         ],
         [
            46
         ],
         [
            47,
            38,
            6,
            42,
            10
         ],
         [
            48
         ],
         [
            49,
            65,
            41
         ],
         [
            50
         ],
         [
            51,
            25,
            13
         ],
         [
            54,
            32,
            12
         ],
         [
            56,
            22
         ],
         [
            57
         ],
         [
            62
         ],
         [
            64,
            26,
            52
         ],
         [
            66
         ],
         [
            67
         ],
         [
            68
         ],
         [
            69,
            16,
            63
         ],
         [
            70
         ],
         [
            71,
            1
         ]
      ]
   },
   "chuffed_firstfail_indmin_sb": {
      "time": 0,
      "optimal": false,
      "obj": 335,
      "sol": [
         [
            1,
            7,
            21
         ],
         [
            2,
            22,
            25,
            27,
            30,
            36,
            66
         ],
         [
            3,
            24,
            28,
            29,
            40
         ],
         [
            4,
            23,
            37,
            42,
            48,
            55
         ],
         [
            5,
            31,
            60,
            67
         ],
         [
            6,
            32,
            34,
            44,
            45,
            69
         ],
         [
            8,
            33,
            65,
            70
         ],
         [
            9,
            35,
            38,
            39,
            46,
            52
         ],
         [
            10,
            41,
            51,
            59
         ],
         [
            11,
            43,
            47,
            49,
            53
         ],
         [
            12,
            50,
            61,
            58
         ],
         [
            13,
            54,
            56,
            62,
            71
         ],
         [
            14,
            57,
            63
         ],
         [
            15,
            68
         ],
         [
            16
         ],
         [
            17,
            64
         ],
         [
            18
         ],
         [
            19
         ],
         [
            20
         ],
         [
            26
         ]
      ]
   }
}