{
  "gecode_domwdeg_indrandom": {
    "time": 0,
    "optimal": false,
    "obj": null,
    "sol": []
  },
  "gecode_firstfail_indmin_sb": {
    "time": 0,
    "optimal": false,
    "obj": 1813,
    "sol": [
      [1, 2, 3, 4, 5, 6, 7, 8, 9, 10, 11, 12, 13, 15, 42, 46],
      [14, 34, 35, 36, 37, 38, 39, 40, 41, 43, 44, 45, 47, 54, 55, 73],
      [16, 48, 49, 50, 51, 52, 53, 56, 57, 58, 59, 60, 61, 62],
      [17, 63, 64, 65, 66, 67, 68, 69, 70, 71, 72, 74, 75, 76, 77, 78, 79],
      [18, 80, 81, 82, 83, 84, 85, 86, 87, 88, 89, 90, 91, 92, 93, 95, 121],
      [
        19, 94, 96, 97, 98, 99, 100, 101, 102, 103, 104, 105, 106, 107, 108,
        109, 113
      ],
      [
        20, 110, 111, 112, 114, 115, 116, 117, 118, 119, 120, 122, 123, 124,
        125, 135
      ],
      [
        21, 126, 127, 128, 129, 130, 131, 132, 133, 134, 136, 137, 138, 140, 141
      ],
      [22, 139, 142, 143],
      [23],
      [24],
      [25],
      [26],
      [27],
      [28],
      [29],
      [30],
      [31],
      [32],
      [33]
    ]
  },
  "gecode_domwdeg_indrandom_sb": {
    "time": 0,
    "optimal": false,
    "obj": 2343,
    "sol": [
      [
        20, 85, 50, 115, 64, 108, 105, 72, 55, 26, 53, 104, 34, 116, 129, 60,
        42, 101, 73
      ],
      [69, 96],
      [
        87, 106, 117, 36, 84, 68, 35, 67, 57, 40, 45, 113, 28, 90, 54, 56, 37,
        95, 43
      ],
      [88, 77, 31, 4, 32, 97, 49, 21, 122, 17, 82, 7],
      [121, 10, 12, 66, 125, 79, 139, 109, 2, 5, 25],
      [124, 81, 111, 92, 15, 71, 13, 30, 23, 83, 80, 39, 62, 9, 27, 86],
      [126, 51, 61, 103, 6, 78, 48, 41, 112, 93, 14, 91, 58, 133, 102],
      [127, 47, 44, 59, 89, 119, 8, 46, 70, 75, 3, 110, 52, 114, 22],
      [128, 29],
      [130, 18, 94, 38, 76, 137, 1, 33, 99, 74],
      [131, 63, 118],
      [132, 19],
      [134, 65, 24],
      [135, 16],
      [136, 98],
      [138, 120],
      [140, 123],
      [141, 107],
      [142, 100],
      [143, 11]
    ]
  },
  "chuffed_firstfail_indmin_sb": {
    "time": 0,
    "optimal": false,
    "obj": 1653,
    "sol": [
      [1, 2, 3, 4, 5, 6, 7, 8, 9, 10, 11, 12, 13, 15, 42, 46],
      [14, 34, 35, 36, 37, 38, 39, 40, 41, 43, 44, 45, 47, 54, 55],
      [16, 48, 49, 50, 51, 52, 53, 56, 57, 58, 59, 60, 62, 63, 68, 92],
      [17, 61, 64, 65, 66, 67, 70, 69, 71, 72, 73, 74, 75, 76, 77, 78, 106],
      [18, 79, 80, 81, 82, 83, 84, 85, 86, 87, 88, 89, 90, 91, 94],
      [
        19, 93, 95, 96, 97, 98, 99, 100, 101, 102, 103, 104, 105, 107, 108, 109,
        121
      ],
      [
        20, 110, 111, 112, 113, 114, 115, 116, 117, 118, 119, 120, 122, 123,
        126, 128
      ],
      [
        21, 124, 125, 127, 129, 130, 131, 132, 133, 134, 135, 136, 137, 138,
        140, 143
      ],
      [22, 139, 141, 142],
      [23],
      [24],
      [25],
      [26],
      [27],
      [28],
      [29],
      [30],
      [31],
      [32],
      [33]
    ]
  }
}
