{
  "gecode_domwdeg_indrandom": {
    "time": 0,
    "optimal": true,
    "obj": 12,
    "sol": [
      [3, 6, 5],
      [2, 4],
      [1, 7]
    ]
  },
  "gecode_firstfail_indmin_sb": {
    "time": 0,
    "optimal": true,
    "obj": 12,
    "sol": [
      [3, 6, 5],
      [4, 2],
      [7, 1]
    ]
  },
  "gecode_domwdeg_indrandom_sb": {
    "time": 0,
    "optimal": true,
    "obj": 12,
    "sol": [
      [3, 6, 5],
      [4, 2],
      [7, 1]
    ]
  },
  "chuffed_firstfail_indmin_sb": {
    "time": 0,
    "optimal": true,
    "obj": 12,
    "sol": [
      [3, 6, 5],
      [4, 2],
      [7, 1]
    ]
  }
}
