{
  "gecode_domwdeg_indrandom": {
    "time": 299,
    "optimal": false,
    "obj": 220,
    "sol": [[6, 3], [10, 2], [1], [8], [4], [7], [9], [5]]
  },
  "gecode_firstfail_indmin_sb": {
    "time": 16,
    "optimal": true,
    "obj": 220,
    "sol": [[1, 2, 4], [3], [5], [6], [7], [8], [9], [10]]
  },
  "gecode_domwdeg_indrandom_sb": {
    "time": 3,
    "optimal": true,
    "obj": 220,
    "sol": [[1], [2], [3], [4, 7], [5], [8], [9], [10, 6]]
  },
  "chuffed_firstfail_indmin_sb": {
    "time": 0,
    "optimal": true,
    "obj": 220,
    "sol": [[1, 10, 9], [2], [3], [4], [5], [6], [7], [8]]
  }
}
