{
  "gecode_domwdeg_indrandom": {
    "time": 69,
    "optimal": true,
    "obj": 322,
    "sol": [[1, 2, 3], [4], [5], [6], [7], [8]]
  },
  "gecode_firstfail_indmin_sb": {
    "time": 0,
    "optimal": true,
    "obj": 322,
    "sol": [[1, 2, 3], [4], [5], [6], [7], [8]]
  },
  "gecode_domwdeg_indrandom_sb": {
    "time": 0,
    "optimal": true,
    "obj": 322,
    "sol": [[1], [2, 5], [3], [6], [7, 4], [8]]
  },
  "chuffed_firstfail_indmin_sb": {
    "time": 0,
    "optimal": true,
    "obj": 322,
    "sol": [[1, 8, 7], [2], [3], [4], [5], [6]]
  }
}
