{
  "gecode_domwdeg_indrandom": {
    "time": 299,
    "optimal": false,
    "obj": 167,
    "sol": [
      [1, 3, 6, 8],
      [2, 9],
      [4, 11, 12],
      [5, 13, 15],
      [7, 10],
      [14, 16, 17]
    ]
  },
  "gecode_firstfail_indmin_sb": {
    "time": 299,
    "optimal": false,
    "obj": 167,
    "sol": [
      [1, 3, 6, 8],
      [2, 9],
      [4, 11, 12],
      [5, 13, 15],
      [7, 14],
      [10, 16, 17]
    ]
  },
  "gecode_domwdeg_indrandom_sb": {
    "time": 299,
    "optimal": false,
    "obj": 167,
    "sol": [
      [8, 5],
      [9, 12, 14, 16],
      [11, 1, 4],
      [13, 7, 3],
      [15, 6, 10],
      [17, 2]
    ]
  },
  "chuffed_firstfail_indmin_sb": {
    "time": 299,
    "optimal": false,
    "obj": 167,
    "sol": [
      [1, 8, 17, 16, 15],
      [2, 9],
      [3, 7, 13],
      [4, 14, 12],
      [5, 11],
      [6, 10]
    ]
  }
}
