{
  "gecode_domwdeg_indrandom": {
    "time": 299,
    "optimal": false,
    "obj": 436,
    "sol": [[7, 4], [12, 2, 9], [11], [10], [6], [8], [13], [1], [3], [5]]
  },
  "gecode_firstfail_indmin_sb": {
    "time": 299,
    "optimal": false,
    "obj": null,
    "sol": []
  },
  "gecode_domwdeg_indrandom_sb": {
    "time": 262,
    "optimal": true,
    "obj": 436,
    "sol": [[1, 3], [5, 4], [6, 2], [7], [8], [9], [10], [11], [12], [13]]
  },
  "chuffed_firstfail_indmin_sb": {
    "time": 2,
    "optimal": true,
    "obj": 436,
    "sol": [[1, 11, 13, 12], [2], [3], [4], [5], [6], [7], [8], [9], [10]]
  }
}
