{
   "gecode_firstfail_indmin": {
      "time": 0.55939,
      "optimal": true,
      "obj": 14,
      "sol": [
         [
            1,
            3,
            4
         ],
         [
            2,
            5,
            6
         ]
      ]
   },
   "gecode_firstfail_indmin_sb": {
      "time": 0.179196,
      "optimal": true,
      "obj": 14,
      "sol": [
         [
            1,
            3,
            4
         ],
         [
            2,
            5,
            6
         ]
      ]
   },
   "gecode_domwdeg_indrandom_sb": {
      "time": 0.047444,
      "optimal": true,
      "obj": 14,
      "sol": [
         [
            1,
            3,
            4
         ],
         [
            2,
            5,
            6
         ]
      ]
   },
   "chuffed_firstfail_indmin_sb": {
      "time": 0.047,
      "optimal": true,
      "obj": 14,
      "sol": [
         [
            1,
            3,
            4
         ],
         [
            2,
            5,
            6
         ]
      ]
   }
}