{
  "SMT2D": {
    "time": 0,
    "optimal": true,
    "obj": 14,
    "sol": [
      [4, 3, 1],
      [2, 5, 6]
    ]
  },
  "SMT3D": {
    "time": 0,
    "optimal": true,
    "obj": 14,
    "sol": [
      [1, 3, 4],
      [2, 5, 6]
    ]
  },
  "SMT2D_symmetry": {
    "time": 0,
    "optimal": true,
    "obj": 14,
    "sol": [
      [1, 3, 4],
      [2, 5, 6]
    ]
  },
  "SMT3D_symmetry": {
    "time": 0,
    "optimal": true,
    "obj": 14,
    "sol": [
      [1, 3, 4],
      [2, 5, 6]
    ]
  }
}
