{
  "SMT2D": {
    "time": 6,
    "optimal": true,
    "obj": 244,
    "sol": [[10], [2], [13], [11], [5], [1, 8, 4], [6], [9], [12], [7, 3]]
  },
  "SMT3D": {
    "time": 300,
    "optimal": false,
    "obj": 0,
    "sol": "N/A"
  },
  "SMT2D_symmetry": {
    "time": 10,
    "optimal": true,
    "obj": 244,
    "sol": [[1], [2], [3], [4], [5], [10], [12], [6, 9], [11, 8], [13, 7]]
  },
  "SMT3D_symmetry": {
    "time": 300,
    "optimal": false,
    "obj": 270,
    "sol": [[1], [2, 12, 11], [3], [4], [5], [6], [8], [9], [10], [13, 7]]
  }
}
