{
  "SMT2D": {
    "time": 3,
    "optimal": true,
    "obj": 226,
    "sol": [[1], [4], [3, 5, 7], [6, 8], [2], [9]]
  },
  "SMT3D": {
    "time": 55,
    "optimal": true,
    "obj": 226,
    "sol": [[7, 2], [1], [8], [6], [4], [3, 5, 9]]
  },
  "SMT2D_symmetry": {
    "time": 0,
    "optimal": true,
    "obj": 226,
    "sol": [[1], [2], [4], [9], [8, 6], [3, 5, 7]]
  },
  "SMT3D_symmetry": {
    "time": 26,
    "optimal": true,
    "obj": 226,
    "sol": [[1], [3], [4], [5, 9], [6, 8], [7, 2]]
  }
}
