{
  "SMT2D": {
    "time": 0,
    "optimal": true,
    "obj": 12,
    "sol": [
      [5, 6, 3],
      [2, 4],
      [7, 1]
    ]
  },
  "SMT3D": {
    "time": 0,
    "optimal": true,
    "obj": 12,
    "sol": [
      [5, 6, 3],
      [4, 2],
      [7, 1]
    ]
  },
  "SMT2D_symmetry": {
    "time": 0,
    "optimal": true,
    "obj": 12,
    "sol": [
      [5, 6, 3],
      [2, 4],
      [7, 1]
    ]
  },
  "SMT3D_symmetry": {
    "time": 0,
    "optimal": true,
    "obj": 12,
    "sol": [
      [5, 4, 2],
      [6, 3],
      [7, 1]
    ]
  }
}
