{
  "SMT2D": {
    "time": 0,
    "optimal": true,
    "obj": 220,
    "sol": [[3], [9, 8, 10], [2], [5], [1], [6], [4], [7]]
  },
  "SMT3D": {
    "time": 32,
    "optimal": true,
    "obj": 220,
    "sol": [[1], [8], [3], [4, 9, 5], [7], [2], [6], [10]]
  },
  "SMT2D_symmetry": {
    "time": 1,
    "optimal": true,
    "obj": 220,
    "sol": [[1], [3], [6], [2, 5], [8], [9], [7, 4], [10]]
  },
  "SMT3D_symmetry": {
    "time": 95,
    "optimal": true,
    "obj": 220,
    "sol": [[1], [2], [3], [5, 4], [6], [7], [8, 10], [9]]
  }
}
