{
  "SMT2D": {
    "time": 21,
    "optimal": true,
    "obj": 186,
    "sol": [[4], [8], [5, 10], [3], [2, 7], [6], [9], [1]]
  },
  "SMT3D": {
    "time": 62,
    "optimal": true,
    "obj": 186,
    "sol": [[7, 2, 4], [10], [9], [1], [6], [5], [8], [3]]
  },
  "SMT2D_symmetry": {
    "time": 17,
    "optimal": true,
    "obj": 186,
    "sol": [[1], [2], [3], [4], [6], [8], [5, 10], [9, 7]]
  },
  "SMT3D_symmetry": {
    "time": 22,
    "optimal": true,
    "obj": 186,
    "sol": [[1], [2], [3], [4], [5, 10], [6], [7, 9], [8]]
  }
}
