{
  "SMT2D": {
    "time": 1,
    "optimal": true,
    "obj": 436,
    "sol": [[7, 3, 1], [6], [9], [4], [5], [11, 2], [13], [10], [12], [8]]
  },
  "SMT3D": {
    "time": 300,
    "optimal": false,
    "obj": 0,
    "sol": "N/A"
  },
  "SMT2D_symmetry": {
    "time": 4,
    "optimal": true,
    "obj": 436,
    "sol": [[1], [2], [5], [6], [3, 4], [8], [10], [11], [9, 7], [12, 13]]
  },
  "SMT3D_symmetry": {
    "time": 193,
    "optimal": true,
    "obj": 436,
    "sol": [[1], [2, 4], [6], [7], [8], [9], [10], [11], [12, 3, 5], [13]]
  }
}
